<?xml version="1.0" encoding="UTF-8"?>
<project-private xmlns="http://www.netbeans.org/ns/project-private/1">
    <editor-bookmarks xmlns="http://www.netbeans.org/ns/editor-bookmarks/2" lastBookmarkId="1">
        <file>
            <url>src/org/soote/cosc/cosc4p98/assignone/DSP.java</url>
            <bookmark id="1">
                <name/>
                <line>5</line>
                <key/>
            </bookmark>
        </file>
    </editor-bookmarks>
    <open-files xmlns="http://www.netbeans.org/ns/projectui-open-files/2">
        <group>
            <file>file:/home/soote/documents/school/4p98/AssignOne/src/org/soote/cosc/cosc4p98/assignone/util/Wave.java</file>
        </group>
    </open-files>
</project-private>
